Campaign,Ad Group,Negative Keyword,Match Type
WW | NZ | Online Naturopath,,free,Phrase
WW | NZ | Online Naturopath,,jobs,Phrase
WW | NZ | Online Naturopath,,salary,Phrase
WW | NZ | Online Naturopath,,course,Phrase
WW | NZ | Online Naturopath,,courses,Phrase
WW | NZ | Online Naturopath,,training,Phrase
WW | NZ | Online Naturopath,,become a naturopath,Phrase
WW | NZ | Online Naturopath,,school,Phrase
WW | NZ | Online Naturopath,,degree,Phrase
WW | NZ | Online Naturopath,,university,Phrase
WW | NZ | Online Naturopath,,what is,Phrase
WW | NZ | Online Naturopath,,definition,Phrase
WW | NZ | Online Naturopath,,reddit,Phrase
WW | NZ | Online Naturopath,,forum,Phrase
WW | NZ | Online Naturopath,,cream,Phrase
WW | NZ | Online Naturopath,,cure,Phrase
WW | NZ | Online Naturopath,,near me,Phrase
WW | NZ | Online Naturopath,,detox,Phrase
WW | NZ | Online Naturopath,,cleanse,Phrase
WW | NZ | Skin Conditions,,free,Phrase
WW | NZ | Skin Conditions,,jobs,Phrase
WW | NZ | Skin Conditions,,salary,Phrase
WW | NZ | Skin Conditions,,course,Phrase
WW | NZ | Skin Conditions,,courses,Phrase
WW | NZ | Skin Conditions,,training,Phrase
WW | NZ | Skin Conditions,,become a naturopath,Phrase
WW | NZ | Skin Conditions,,school,Phrase
WW | NZ | Skin Conditions,,degree,Phrase
WW | NZ | Skin Conditions,,university,Phrase
WW | NZ | Skin Conditions,,what is,Phrase
WW | NZ | Skin Conditions,,definition,Phrase
WW | NZ | Skin Conditions,,reddit,Phrase
WW | NZ | Skin Conditions,,forum,Phrase
WW | NZ | Skin Conditions,,cream,Phrase
WW | NZ | Skin Conditions,,cure,Phrase
WW | NZ | Skin Conditions,,near me,Phrase
WW | NZ | Skin Conditions,,detox,Phrase
WW | NZ | Skin Conditions,,cleanse,Phrase
WW | AU | Online Naturopath,,free,Phrase
WW | AU | Online Naturopath,,jobs,Phrase
WW | AU | Online Naturopath,,salary,Phrase
WW | AU | Online Naturopath,,course,Phrase
WW | AU | Online Naturopath,,courses,Phrase
WW | AU | Online Naturopath,,training,Phrase
WW | AU | Online Naturopath,,become a naturopath,Phrase
WW | AU | Online Naturopath,,school,Phrase
WW | AU | Online Naturopath,,degree,Phrase
WW | AU | Online Naturopath,,university,Phrase
WW | AU | Online Naturopath,,what is,Phrase
WW | AU | Online Naturopath,,definition,Phrase
WW | AU | Online Naturopath,,reddit,Phrase
WW | AU | Online Naturopath,,forum,Phrase
WW | AU | Online Naturopath,,cream,Phrase
WW | AU | Online Naturopath,,cure,Phrase
WW | AU | Online Naturopath,,near me,Phrase
WW | AU | Online Naturopath,,detox,Phrase
WW | AU | Online Naturopath,,cleanse,Phrase
WW | AU | Skin Conditions,,free,Phrase
WW | AU | Skin Conditions,,jobs,Phrase
WW | AU | Skin Conditions,,salary,Phrase
WW | AU | Skin Conditions,,course,Phrase
WW | AU | Skin Conditions,,courses,Phrase
WW | AU | Skin Conditions,,training,Phrase
WW | AU | Skin Conditions,,become a naturopath,Phrase
WW | AU | Skin Conditions,,school,Phrase
WW | AU | Skin Conditions,,degree,Phrase
WW | AU | Skin Conditions,,university,Phrase
WW | AU | Skin Conditions,,what is,Phrase
WW | AU | Skin Conditions,,definition,Phrase
WW | AU | Skin Conditions,,reddit,Phrase
WW | AU | Skin Conditions,,forum,Phrase
WW | AU | Skin Conditions,,cream,Phrase
WW | AU | Skin Conditions,,cure,Phrase
WW | AU | Skin Conditions,,near me,Phrase
WW | AU | Skin Conditions,,detox,Phrase
WW | AU | Skin Conditions,,cleanse,Phrase
WW | NZ | Brand,,jobs,Phrase
WW | NZ | Brand,,careers,Phrase
WW | NZ | Online Naturopath,,australia,Phrase
WW | NZ | Skin Conditions,,australia,Phrase
WW | AU | Online Naturopath,,nz,Phrase
WW | AU | Online Naturopath,,new zealand,Phrase
WW | AU | Online Naturopath,,auckland,Phrase
WW | AU | Online Naturopath,,wellington,Phrase
WW | AU | Skin Conditions,,nz,Phrase
WW | AU | Skin Conditions,,new zealand,Phrase
WW | AU | Skin Conditions,,auckland,Phrase
WW | AU | Skin Conditions,,wellington,Phrase
WW | AU | Online Naturopath,,medicare,Phrase
WW | AU | Online Naturopath,,bulk billing,Phrase
WW | AU | Online Naturopath,,rebate,Phrase
WW | AU | Online Naturopath,,health fund,Phrase
WW | AU | Skin Conditions,,medicare,Phrase
WW | AU | Skin Conditions,,bulk billing,Phrase
WW | AU | Skin Conditions,,rebate,Phrase
WW | AU | Skin Conditions,,health fund,Phrase
WW | NZ | Skin Conditions,Eczema,ointment,Phrase
WW | NZ | Skin Conditions,Eczema,steroid cream,Phrase
WW | NZ | Skin Conditions,Eczema,prescription,Phrase
WW | NZ | Skin Conditions,Eczema,dupixent,Phrase
WW | AU | Skin Conditions,Eczema AU,ointment,Phrase
WW | AU | Skin Conditions,Eczema AU,steroid cream,Phrase
WW | AU | Skin Conditions,Eczema AU,prescription,Phrase
WW | AU | Skin Conditions,Eczema AU,dupixent,Phrase
WW | NZ | Skin Conditions,Topical Steroid Withdrawal,how long does tsw last,Phrase
WW | NZ | Skin Conditions,Topical Steroid Withdrawal,pictures,Phrase
WW | AU | Skin Conditions,TSW AU,how long does tsw last,Phrase
WW | AU | Skin Conditions,TSW AU,pictures,Phrase
WW | NZ | Skin Conditions,Other Skin Conditions,dermatologist,Phrase
WW | NZ | Skin Conditions,Other Skin Conditions,medication,Phrase
WW | NZ | Skin Conditions,Other Skin Conditions,prescription,Phrase
WW | AU | Skin Conditions,Skin Support AU,dermatologist,Phrase
WW | AU | Skin Conditions,Skin Support AU,medication,Phrase
WW | AU | Skin Conditions,Skin Support AU,prescription,Phrase
WW | NZ | Online Naturopath,Online Naturopath Consult,eczema,Phrase
WW | NZ | Online Naturopath,Online Naturopath Consult,tsw,Phrase
WW | NZ | Online Naturopath,Online Naturopath Consult,psoriasis,Phrase
WW | NZ | Online Naturopath,Online Naturopath Consult,acne,Phrase
WW | NZ | Online Naturopath,General Naturopathy,eczema,Phrase
WW | NZ | Online Naturopath,General Naturopathy,tsw,Phrase
WW | NZ | Online Naturopath,General Naturopathy,psoriasis,Phrase
WW | NZ | Online Naturopath,General Naturopathy,acne,Phrase
WW | AU | Online Naturopath,Online Naturopath Consult AU,eczema,Phrase
WW | AU | Online Naturopath,Online Naturopath Consult AU,tsw,Phrase
WW | AU | Online Naturopath,Online Naturopath Consult AU,psoriasis,Phrase
WW | AU | Online Naturopath,Online Naturopath Consult AU,acne,Phrase
